Neutral,liberal,CcNieukirk,@KamalaHarris @JoeBiden Quarantine COVID19 hypocrite!
Neutral,conservative,bworrall2,"RT @realDonaldTrump: Vote TRUMP California. No more blackouts, shutdowns, ridiculous forrest fires, or water ‚Äúrationing‚Äù (coming soon). We‚Ä¶"
Neutral,conservative,FLGirl48853710,RT @molmccann: With their crazy lockdowns? Haha. I look forward to calling him a liar in six months time.
Neutral,conservative,delicateflower1,RT @molmccann: With their crazy lockdowns? Haha. I look forward to calling him a liar in six months time.
Neutral,liberal,Arriadna,THE DUMBEST MAN ALIVE üëáTwitter shutdown a satire site who spread disinformation. Trump took the site as real stuff‚Ä¶ https://t.co/ydiTWZf1ra
Neutral,conservative,Ckm4MAGA,"RT @sayitnspinit: #COVID19 lockdowns was an excuse for #Democrats to implement their draconian trial run on socialism &amp; it failed! 
I now g‚Ä¶"
Neutral,conservative,Giselle46335885,"@RogerFritz7 @TexanAlliKat It looks like I can reply, however, twitter still has me on lockdown from posting. I hop‚Ä¶ https://t.co/zUdUN9H6PD"
Neutral,conservative,j_gbennett,"RT @McKaylaRoseJ: Did Biden say he would MANDATE VACCINES!! So wait a minute, he will mandate another lockdown, mandate masks and now manda‚Ä¶"
Neutral,conservative,Josieoct,"RT @McKaylaRoseJ: Did Biden say he would MANDATE VACCINES!! So wait a minute, he will mandate another lockdown, mandate masks and now manda‚Ä¶"
Neutral,conservative,1776_We_People,"RT @McKaylaRoseJ: Did Biden say he would MANDATE VACCINES!! So wait a minute, he will mandate another lockdown, mandate masks and now manda‚Ä¶"
Neutral,conservative,TheRightIsRig15,"RT @McKaylaRoseJ: Did Biden say he would MANDATE VACCINES!! So wait a minute, he will mandate another lockdown, mandate masks and now manda‚Ä¶"
Neutral,conservative,DangerousGhoul,"RT @McKaylaRoseJ: Did Biden say he would MANDATE VACCINES!! So wait a minute, he will mandate another lockdown, mandate masks and now manda‚Ä¶"
Neutral,conservative,loveandpoprockz,"RT @KHerriage: A vote for Biden is a vote for:

-Nationwide Economic Lockdowns
-$94 Trillion GND
-MUCH Higher Taxes
-Open Borders
-Destruct‚Ä¶"
Neutral,conservative,Groundmydomain,"RT @KHerriage: A vote for Biden is a vote for:

-Nationwide Economic Lockdowns
-$94 Trillion GND
-MUCH Higher Taxes
-Open Borders
-Destruct‚Ä¶"
Neutral,conservative,RexPugmire,"RT @KHerriage: A vote for Biden is a vote for:

-Nationwide Economic Lockdowns
-$94 Trillion GND
-MUCH Higher Taxes
-Open Borders
-Destruct‚Ä¶"
Neutral,conservative,btbocp88,"RT @KHerriage: A vote for Biden is a vote for:

-Nationwide Economic Lockdowns
-$94 Trillion GND
-MUCH Higher Taxes
-Open Borders
-Destruct‚Ä¶"
Neutral,conservative,lsmith142000,"RT @KHerriage: A vote for Biden is a vote for:

-Nationwide Economic Lockdowns
-$94 Trillion GND
-MUCH Higher Taxes
-Open Borders
-Destruct‚Ä¶"
Neutral,conservative,Itsmeinindy2,"RT @KHerriage: A vote for Biden is a vote for:

-Nationwide Economic Lockdowns
-$94 Trillion GND
-MUCH Higher Taxes
-Open Borders
-Destruct‚Ä¶"
Neutral,conservative,terresapeterson,"RT @KHerriage: A vote for Biden is a vote for:

-Nationwide Economic Lockdowns
-$94 Trillion GND
-MUCH Higher Taxes
-Open Borders
-Destruct‚Ä¶"
Neutral,conservative,EdwardPDeRosa,"RT @KHerriage: A vote for Biden is a vote for:

-Nationwide Economic Lockdowns
-$94 Trillion GND
-MUCH Higher Taxes
-Open Borders
-Destruct‚Ä¶"
Neutral,conservative,triciabruz,"RT @KHerriage: A vote for Biden is a vote for:

-Nationwide Economic Lockdowns
-$94 Trillion GND
-MUCH Higher Taxes
-Open Borders
-Destruct‚Ä¶"
Negative,conservative,DianneSteiner,"RT @ToscaAusten: The Di-Fi hug of maskless colleague @LindseyGrahamSC causes outrage‚Äîor was it an election premonition goodbye?

Linds suck‚Ä¶"
Neutral,conservative,ChristineHMcE,Biden double masks. He puts on an N95 hospital mask first and then hides it with a cloth mask.
Neutral,liberal,QLanded,@guru_medi @kourtneykardash Look at the huge PPE checks they received. They received over 2 million dollars that wi‚Ä¶ https://t.co/duEhTM08yl
Neutral,liberal,supersaversis,"This is how trump leads. If he doesn't like you, you get nothing. Just like when NY needed PPE. Trump was hoarding‚Ä¶ https://t.co/V7v3Fy4nE7"
Neutral,conservative,teachM2fish,RT @yesnicksearcy: Masks are bullshit.
Neutral,conservative,MalachiAtkinson,@JoeBiden So ask Dianne Feinstein where her mask was yesterday while hugging Lindsey.
Neutral,liberal,THEMEMEINME,"@politklwaitress 70 next month , do we have a problem , Mask Up Vote Blueüá∫üá∏"
Neutral,liberal,GoodKnight247,"Pandemic and all, I'm taking my masked-up middle schooler to witness my vote for her life. #BidenHarris2020"
Neutral,conservative,bendur6,@JoeBiden Is their actual proof wearing a mask will make the Communist Chinese Virus disappear?
Neutral,liberal,VMCat,@jjz1600 @JoeBiden I listened to the audiobook of @Gladwell 's book Talking to Strangers while sewing COVID masks.
Neutral,conservative,ETW16711609,"President Trump was great last night at town hall!!!
The sure think masks are important even if they are not"
Neutral,liberal,MooseRandy,Trump questioned if his opinion on mask wearing changed after contracting Covid https://t.co/eaXSlmSEJ5
Neutral,liberal,MooseRandy,"Trump repeats inaccurate claim about masks, citing CDC study. https://t.co/C3qMhWVN83"
Neutral,conservative,Disinfector,"RT @Matthew_4_Trump: Is it unconstitutional for them to force you to wear a face mask at polling places on election day? Yes, of course it‚Ä¶"
Neutral,conservative,stef4freedom,"RT @bendur6: @JoeBiden You telling Americans you will mandate they wear mask, has a hell of a lot more consequences, primarily to the Const‚Ä¶"
Neutral,liberal,KFClinton3,"RT @rorycooper: Saw Trump camp complaining about NBC questions, so I looked them up:

When did you get sick
Should you wear a mask
Do you b‚Ä¶"
Neutral,conservative,RippedTideGamin,RT @w_terrence: Savannah Guthrie is an asshole! She‚Äôs  hammering President Trump about a mask! Let it go and ask about policy
Neutral,conservative,JackLeyland23,"RT @KatiePavlich: There is a woman behind President Trump, white shirt and red mask, who is nodding in agreement and giving a thumbs up."
Neutral,liberal,ssmatthews83,"RT @rorycooper: Saw Trump camp complaining about NBC questions, so I looked them up:

When did you get sick
Should you wear a mask
Do you b‚Ä¶"
Neutral,liberal,liberalgirl3,"RT @rorycooper: Saw Trump camp complaining about NBC questions, so I looked them up:

When did you get sick
Should you wear a mask
Do you b‚Ä¶"
Neutral,conservative,LisaTitanSid,"RT @bendur6: @JoeBiden You telling Americans you will mandate they wear mask, has a hell of a lot more consequences, primarily to the Const‚Ä¶"
Neutral,liberal,drinkwine247,"RT @rorycooper: Saw Trump camp complaining about NBC questions, so I looked them up:

When did you get sick
Should you wear a mask
Do you b‚Ä¶"
Neutral,liberal,SamsJK1,"RT @rorycooper: Saw Trump camp complaining about NBC questions, so I looked them up:

When did you get sick
Should you wear a mask
Do you b‚Ä¶"
Neutral,liberal,DemWave2018,"RT @rorycooper: Saw Trump camp complaining about NBC questions, so I looked them up:

When did you get sick
Should you wear a mask
Do you b‚Ä¶"
Neutral,liberal,MagnifiKat_ST,"RT @rorycooper: Saw Trump camp complaining about NBC questions, so I looked them up:

When did you get sick
Should you wear a mask
Do you b‚Ä¶"
Neutral,liberal,jwarnercmc,"RT @rorycooper: Saw Trump camp complaining about NBC questions, so I looked them up:

When did you get sick
Should you wear a mask
Do you b‚Ä¶"
Neutral,liberal,hbpreynaud,"RT @rorycooper: Saw Trump camp complaining about NBC questions, so I looked them up:

When did you get sick
Should you wear a mask
Do you b‚Ä¶"
Neutral,liberal,nothing_dave,"RT @rorycooper: Saw Trump camp complaining about NBC questions, so I looked them up:

When did you get sick
Should you wear a mask
Do you b‚Ä¶"
Neutral,liberal,WCaddict,"RT @rorycooper: Saw Trump camp complaining about NBC questions, so I looked them up:

When did you get sick
Should you wear a mask
Do you b‚Ä¶"
Neutral,liberal,amyharlib,"RT @rorycooper: Saw Trump camp complaining about NBC questions, so I looked them up:

When did you get sick
Should you wear a mask
Do you b‚Ä¶"
Neutral,conservative,kmsands3,"Joe Biden Admits He Did Not Call for Masks, Social Distancing Until March
This is revealing. He has misrepresented‚Ä¶ https://t.co/iNOspdiGpe"
Neutral,liberal,mhill00068082,"RT @rorycooper: Saw Trump camp complaining about NBC questions, so I looked them up:

When did you get sick
Should you wear a mask
Do you b‚Ä¶"
Neutral,liberal,LuzetteH,"RT @rorycooper: Saw Trump camp complaining about NBC questions, so I looked them up:

When did you get sick
Should you wear a mask
Do you b‚Ä¶"
Neutral,liberal,lisa_avilez,"RT @rorycooper: Saw Trump camp complaining about NBC questions, so I looked them up:

When did you get sick
Should you wear a mask
Do you b‚Ä¶"
Neutral,liberal,HelenBa61174015,"RT @rorycooper: Saw Trump camp complaining about NBC questions, so I looked them up:

When did you get sick
Should you wear a mask
Do you b‚Ä¶"
Neutral,liberal,callmetunie,"RT @rorycooper: Saw Trump camp complaining about NBC questions, so I looked them up:

When did you get sick
Should you wear a mask
Do you b‚Ä¶"
Neutral,liberal,PhilippaThePug,"RT @rorycooper: Saw Trump camp complaining about NBC questions, so I looked them up:

When did you get sick
Should you wear a mask
Do you b‚Ä¶"
Neutral,liberal,60_wyatt,"RT @rorycooper: Saw Trump camp complaining about NBC questions, so I looked them up:

When did you get sick
Should you wear a mask
Do you b‚Ä¶"
Neutral,conservative,PJMLove422,"RT @IlluminateDark8: Connecting the Dots, Covid 19, Masks, CDC, Censorship, False News, ignoring science to influence the election.

It's a‚Ä¶"
Neutral,liberal,winetast3r,"RT @gon_hntn: @Goss30Goss @winetast3r Yep, he got COVID-19, without a mask while prepping @realDonaldTrump, telling him to constantly inter‚Ä¶"
Neutral,liberal,kathleen_lerma,RT @mitchellreports: At end of ABC town hall @JoeBiden puts on mask and stays behind talking (socially distanced) with questioners in the a‚Ä¶
Neutral,conservative,PVTrump,"RT @emilia_suze: under @JoeBiden  and his CCP pals you will be wearing masks forever 
Also Biden plans to give more to corrupt WHO  and UN‚Ä¶"
Neutral,liberal,laauger,RT @mitchellreports: At end of ABC town hall @JoeBiden puts on mask and stays behind talking (socially distanced) with questioners in the a‚Ä¶
Neutral,conservative,1718106J,RT @Bostonconcepts: @TeamTrump @realDonaldTrump Love the woman behind Trump with the white sweater/red mask always nodding in support!
Neutral,conservative,havewegonemad,RT @KelemenCari: Whoever the NBC employee was who vetted the wonderful woman in the red mask behind Trump is probably cleaning out their de‚Ä¶
Neutral,conservative,j_gbennett,"RT @McKaylaRoseJ: Did Biden say he would MANDATE VACCINES!! So wait a minute, he will mandate another lockdown, mandate masks and now manda‚Ä¶"
Neutral,liberal,parkse,RT @ryanbeckwith: Trump just claimed that 85% of people who wear masks get coronavirus. This is not correct. https://t.co/OLYxWj2Pjj
Neutral,conservative,Josieoct,"RT @McKaylaRoseJ: Did Biden say he would MANDATE VACCINES!! So wait a minute, he will mandate another lockdown, mandate masks and now manda‚Ä¶"
Neutral,conservative,1776_We_People,"RT @McKaylaRoseJ: Did Biden say he would MANDATE VACCINES!! So wait a minute, he will mandate another lockdown, mandate masks and now manda‚Ä¶"
Neutral,conservative,TheRightIsRig15,"RT @McKaylaRoseJ: Did Biden say he would MANDATE VACCINES!! So wait a minute, he will mandate another lockdown, mandate masks and now manda‚Ä¶"
Neutral,conservative,bendur6,"@JoeBiden You telling Americans you will mandate they wear mask, has a hell of a lot more consequences, primarily t‚Ä¶ https://t.co/KOsTGXekPt"
Neutral,liberal,Susemgf,"RT @ddale8: Trump falsely claims, again, that the CDC just found ""85% of the people that wear masks catch it."" Guthrie, excellently, tells‚Ä¶"
Neutral,liberal,adnildyob,"RT @ddale8: Trump falsely claims, again, that the CDC just found ""85% of the people that wear masks catch it."" Guthrie, excellently, tells‚Ä¶"
Neutral,conservative,DangerousGhoul,"RT @McKaylaRoseJ: Did Biden say he would MANDATE VACCINES!! So wait a minute, he will mandate another lockdown, mandate masks and now manda‚Ä¶"
Neutral,conservative,CocoaMonoi,"@JoeBiden The 24/7 focus on masks and not the economy, jobs, peace, Healthcare makes me think you think we're idiot‚Ä¶ https://t.co/cCV6WQx9Oq"
Neutral,liberal,getchell_patty,RT @CyrusMMcQueen: They just show a doctor on tv who says she wishes Trump took mask wearing and science seriously... Then she says she‚Äôs s‚Ä¶
Neutral,conservative,JustAtypicalDad,"RT @TheRISEofROD: Cheers to the beautiful black woman in red mask sitting behind President Trump, who nodded in agreement throughout &amp; gave‚Ä¶"
Neutral,conservative,Carolbraziel7g1,"RT @TheRISEofROD: Cheers to the beautiful black woman in red mask sitting behind President Trump, who nodded in agreement throughout &amp; gave‚Ä¶"
Neutral,liberal,KateWhi79318023,RT @CyrusMMcQueen: They just show a doctor on tv who says she wishes Trump took mask wearing and science seriously... Then she says she‚Äôs s‚Ä¶
Neutral,liberal,thejoshuablog,"Via @crooksandliars: Friday News Dump: Chris Christie Discovers Masks, And Other News https://t.co/9O3WH9xEG2 | #trump #gop #republicans"
Neutral,conservative,Torval_Axel,RT @jsolomonReports: Trump says he‚Äôs ‚Äòall for‚Äô mask wearing: ‚ÄòI never said don‚Äôt wear them‚Äô | Just The News https://t.co/k9tFS2oxAH
Neutral,conservative,mimialoha55,RT @jsolomonReports: Trump says he‚Äôs ‚Äòall for‚Äô mask wearing: ‚ÄòI never said don‚Äôt wear them‚Äô | Just The News https://t.co/k9tFS2oxAH
Neutral,liberal,wunderkind87,"I wear a surgical mask every time I leave my home, but the GOP needs me to desperately care about Hunter Biden‚Äôs work history. ü§∑üèæ‚Äç‚ôÇÔ∏è"
Neutral,conservative,BjM86037732,RT @jsolomonReports: Trump says he‚Äôs ‚Äòall for‚Äô mask wearing: ‚ÄòI never said don‚Äôt wear them‚Äô | Just The News https://t.co/k9tFS2oxAH
Neutral,conservative,vaxfreedom_mi,RT @drshannonkroner: If you vote for @JoeBiden you‚Äôll be FORCED to get a #CovidVaccine. A vote for @realDonaldTrump gives you freedom to ch‚Ä¶
Positive,liberal,jamijturner,Pfizer won't seek coronavirus vaccine authorization until after election https://t.co/SRVKGPYndz
Positive,conservative,NVKaren,"RT @paulsperry_: BREAKING: Biden tonight vowed to make ""mandatory"" any vaccine that is 85% effective"
Positive,conservative,theblametaker,"RT @paulsperry_: BREAKING: Biden tonight vowed to make ""mandatory"" any vaccine that is 85% effective"
Positive,conservative,gloriapbuchanan,"RT @paulsperry_: BREAKING: Biden tonight vowed to make ""mandatory"" any vaccine that is 85% effective"
Positive,conservative,Bls1022,"RT @paulsperry_: BREAKING: Biden tonight vowed to make ""mandatory"" any vaccine that is 85% effective"
Positive,liberal,TheOldOlaf,RT @JeffreyGuterman: Pfizer reports that it will not apply for emergency authorization of its coronavirus vaccine before the third week of‚Ä¶
Positive,liberal,MP_Morrissey,"RT @nytimes: Pfizer said that it would not apply for emergency authorization of its coronavirus vaccine before the third week of November,‚Ä¶"
Positive,liberal,dwegeng,RT @10queues: Pfizer won't seek coronavirus vaccine authorization until after election https://t.co/YVbAV1qQyC
Positive,conservative,Karensuelund,RT @NJTruthTalker: @JoeBiden has said he would make vaccines mandatory. Read this and tell me if you would want to be forced to give it to‚Ä¶
Positive,liberal,WaymackR,"RT @nytimes: Pfizer said that it would not apply for emergency authorization of its coronavirus vaccine before the third week of November,‚Ä¶"
Positive,liberal,RuthGri84040637,RT @JeffreyGuterman: Pfizer reports that it will not apply for emergency authorization of its coronavirus vaccine before the third week of‚Ä¶
Positive,liberal,CarrieSweet2017,"RT @politico: Pfizer will not seek an emergency authorization for its coronavirus vaccine until after the election, the final blow to Presi‚Ä¶"
Positive,liberal,robindevine4,"RT @politico: Pfizer will not seek an emergency authorization for its coronavirus vaccine until after the election, the final blow to Presi‚Ä¶"
Positive,liberal,DebraDuGemini59,"RT @politico: Pfizer will not seek an emergency authorization for its coronavirus vaccine until after the election, the final blow to Presi‚Ä¶"
Positive,liberal,BrianHHunt1,"RT @politico: Pfizer will not seek an emergency authorization for its coronavirus vaccine until after the election, the final blow to Presi‚Ä¶"
Positive,liberal,JforDemocracy,"RT @politico: Pfizer will not seek an emergency authorization for its coronavirus vaccine until after the election, the final blow to Presi‚Ä¶"
Positive,liberal,SenekerSarah,"RT @politico: Pfizer will not seek an emergency authorization for its coronavirus vaccine until after the election, the final blow to Presi‚Ä¶"
Positive,liberal,OGOPer,"RT @politico: Pfizer will not seek an emergency authorization for its coronavirus vaccine until after the election, the final blow to Presi‚Ä¶"
Positive,liberal,Shellydowa,"RT @politico: Pfizer will not seek an emergency authorization for its coronavirus vaccine until after the election, the final blow to Presi‚Ä¶"
Positive,liberal,Jinxy_Minxy,"RT @politico: Pfizer will not seek an emergency authorization for its coronavirus vaccine until after the election, the final blow to Presi‚Ä¶"
Positive,liberal,pescara121,"RT @politico: Pfizer will not seek an emergency authorization for its coronavirus vaccine until after the election, the final blow to Presi‚Ä¶"
Positive,liberal,jackedmayhem,"RT @politico: Pfizer will not seek an emergency authorization for its coronavirus vaccine until after the election, the final blow to Presi‚Ä¶"
Positive,liberal,jmacjupiter,"RT @politico: Pfizer will not seek an emergency authorization for its coronavirus vaccine until after the election, the final blow to Presi‚Ä¶"
Positive,liberal,batlaw55,"RT @politico: Pfizer will not seek an emergency authorization for its coronavirus vaccine until after the election, the final blow to Presi‚Ä¶"
Positive,liberal,mypoliticsanity,"RT @politico: Pfizer will not seek an emergency authorization for its coronavirus vaccine until after the election, the final blow to Presi‚Ä¶"
Positive,liberal,JohnRya95081680,"RT @politico: Pfizer will not seek an emergency authorization for its coronavirus vaccine until after the election, the final blow to Presi‚Ä¶"
Positive,liberal,HollyRoseMyers,"RT @politico: Pfizer will not seek an emergency authorization for its coronavirus vaccine until after the election, the final blow to Presi‚Ä¶"
Positive,liberal,CaliGirl4life61,"RT @politico: Pfizer will not seek an emergency authorization for its coronavirus vaccine until after the election, the final blow to Presi‚Ä¶"
Positive,liberal,ValiVailVali,"RT @politico: Pfizer will not seek an emergency authorization for its coronavirus vaccine until after the election, the final blow to Presi‚Ä¶"
Positive,liberal,magic823,"RT @politico: Pfizer will not seek an emergency authorization for its coronavirus vaccine until after the election, the final blow to Presi‚Ä¶"
Positive,liberal,Bomeque1,"RT @politico: Pfizer will not seek an emergency authorization for its coronavirus vaccine until after the election, the final blow to Presi‚Ä¶"
Positive,liberal,MaryMoo80957435,"RT @politico: Pfizer will not seek an emergency authorization for its coronavirus vaccine until after the election, the final blow to Presi‚Ä¶"
Positive,conservative,AmericanVeter15,"RT @DC_Draino: Biden just said he‚Äôll mandate COVID vaccines for every American

Sick bastard"
Positive,conservative,SuzanneFreedom,"RT @DC_Draino: Biden just said he‚Äôll mandate COVID vaccines for every American

Sick bastard"
Positive,conservative,Rosie90201540,"RT @DC_Draino: Biden just said he‚Äôll mandate COVID vaccines for every American

Sick bastard"
Positive,conservative,whatusaynono,"RT @DC_Draino: Biden just said he‚Äôll mandate COVID vaccines for every American

Sick bastard"
Positive,conservative,AmysandersonAmy,RT @OurProgressive: Pfizer won't seek coronavirus vaccine authorization until after election https://t.co/AikoXxZuaS https://t.co/L3iHlJrcR1
Positive,conservative,blusie,"RT @CarlHigbie: Vote for me and I‚Äôll force you to get this vaccine that I said I don‚Äôt trust @realDonaldTrump to make. 
    -@JoeBiden at #‚Ä¶"
Neutral,liberal,brigit50,"RT @SafetyPinDaily: Trump Got the Best COVID Treatment. For the Rest of Us He Wants ""Herd Immunity."" | By William Rivers Pitt https://t.co/‚Ä¶"
Neutral,liberal,Cowboy1102M,Sorry to hear what happened to your aunt. My wife has a weak immune system &amp; I don‚Äôt let my own adult kids come in‚Ä¶ https://t.co/B7TpKAugD2
Positive,conservative,Koerper,RT @DiamondandSilk: To all of you that keep saying you want the choice to take the vaccine needs to go and listen to Jim Crow Joe Biden who‚Ä¶
Positive,conservative,TwitchellJohn,RT @and_blurry: Dems say ‚Äúmy body my choice‚Äù then push MANDATORY vaccines which goes into MY BODY so it‚Äôs MY CHOICE. Follow the money then‚Ä¶
Positive,conservative,whirlwind1015,RT @DiamondandSilk: To all of you that keep saying you want the choice to take the vaccine needs to go and listen to Jim Crow Joe Biden who‚Ä¶
Positive,conservative,jewelwilson51,RT @DiamondandSilk: To all of you that keep saying you want the choice to take the vaccine needs to go and listen to Jim Crow Joe Biden who‚Ä¶
Positive,conservative,imoAmerican,RT @DiamondandSilk: To all of you that keep saying you want the choice to take the vaccine needs to go and listen to Jim Crow Joe Biden who‚Ä¶
Positive,conservative,j_gbennett,"RT @McKaylaRoseJ: Did Biden say he would MANDATE VACCINES!! So wait a minute, he will mandate another lockdown, mandate masks and now manda‚Ä¶"
Positive,conservative,Josieoct,"RT @McKaylaRoseJ: Did Biden say he would MANDATE VACCINES!! So wait a minute, he will mandate another lockdown, mandate masks and now manda‚Ä¶"
Positive,conservative,1776_We_People,"RT @McKaylaRoseJ: Did Biden say he would MANDATE VACCINES!! So wait a minute, he will mandate another lockdown, mandate masks and now manda‚Ä¶"
Positive,conservative,TheRightIsRig15,"RT @McKaylaRoseJ: Did Biden say he would MANDATE VACCINES!! So wait a minute, he will mandate another lockdown, mandate masks and now manda‚Ä¶"
Positive,conservative,DangerousGhoul,"RT @McKaylaRoseJ: Did Biden say he would MANDATE VACCINES!! So wait a minute, he will mandate another lockdown, mandate masks and now manda‚Ä¶"
Positive,conservative,themilowrites,"Yeah...ANY government, Democrat or Republican, that makes a vaccine mandatory can kiss my ass. As they say, ‚ÄúMy bod‚Ä¶ https://t.co/mYFOx2dNIi"
Positive,conservative,Shanna37flint,@__JustRobert__ @JoeBiden Correction im speaking on average flu vac... The average flu vaccine is 40-60% effective.‚Ä¶ https://t.co/rPHz97Hjol
Positive,conservative,CDPatriot,"@TeamJoe @JoeBiden But not this one!
Crooked Joe statements last night:
1. I support mandatory vaccines
2. 8 yr olf‚Ä¶ https://t.co/ARoYaZlfFq"
Positive,conservative,BowlingNicolas,"RT @NicoRealNSE: Joe Biden will consider making COVID-19 vaccine mandatory

#JoeBiden offered a startling answer at last nights ABC Town Ha‚Ä¶"
Positive,conservative,NicoRealNSE,"Joe Biden will consider making COVID-19 vaccine mandatory

#JoeBiden offered a startling answer at last nights ABC‚Ä¶ https://t.co/aRlGjlYsDX"
Negative,conservative,beachkatie,"RT @WarRoomPandemic: #SteveBannon: At the start of the #CCPVirus, #JoeBiden took the #Beijing party line. We now know why.

#Biden family c‚Ä¶"
Negative,conservative,Maxinerunner,"RT @WarRoomPandemic: #SteveBannon: At the start of the #CCPVirus, #JoeBiden took the #Beijing party line. We now know why.

#Biden family c‚Ä¶"
Negative,conservative,pepebarcelona,"RT @WarRoomPandemic: #SteveBannon: At the start of the #CCPVirus, #JoeBiden took the #Beijing party line. We now know why.

#Biden family c‚Ä¶"
Negative,conservative,suzanneewright,"RT @truthserum4all: #Plandemic üí∞üí∞

Is YOUR congressman getting PAID for CV19?

Pharma is showering Congress with üí∞ amid CV19 

The world‚Äôs‚Ä¶"
Neutral,conservative,MARCO51482083,82% aka as everyone generating an income.  #BidenHarrisLandslide2020 #BidenHarris2020 #Covid_19 @PennDems‚Ä¶ https://t.co/SbV1TPodN8
Negative,liberal,Trumpha11692384,You're right. I'm guessing a lot of these people will come down with the #TrumpVirus and take it home to their Repu‚Ä¶ https://t.co/0pa8qEfqQt
Neutral,liberal,CcNieukirk,@KamalaHarris @JoeBiden Quarantine COVID19 hypocrite!
Neutral,conservative,GER9695,@JoeBiden You morom he did not CAUSE a recession!!!!!!!!!!!!!!!!!!!!!!!!!!!!!!!!! There was a pandemic that caused the recession!!!
Neutral,conservative,1RedPatriot,@rdt_n_nat @NMHouseGOP @R4ND4LL_H @LeaderTownsend Election interference under the guise of a made up pandemic.
Neutral,liberal,GoodKnight247,"Pandemic and all, I'm taking my masked-up middle schooler to witness my vote for her life. #BidenHarris2020"
Neutral,conservative,SalemSaint70,"@larue615 @JoeBiden The VIRUS is responsible for the virus deaths. Without all that the president did, the toll cou‚Ä¶ https://t.co/jQ6dzCkyZg"
Neutral,liberal,LibTardCO,"@Kevin1263 Dr Fauci fights for the humans, trying to stop the virus. The Trump Cult fights on the side of the virus‚Ä¶ https://t.co/t0VRJRIKDj"
Neutral,liberal,koan4u,"#COVIDKIM  homicidal virus deniers Trump Cult Governor Insanely Defends Rally as Iowa's Virus Death Toll Tops 1,500‚Ä¶ https://t.co/OfGIttfJtU"
Neutral,conservative,MAGAVictoryNews,".@JoeBiden cannot protect his own campaign from the #coronavirus, and he cannot protect us from the #coronavirus. B‚Ä¶ https://t.co/dXCGfg9gua"
Neutral,liberal,gregorio27,"RT @MichaelSkolnik: The election is not 19 days away. 
The election is over in 19 days. 
The election is now. 
Vote early."
Neutral,liberal,underground556,"RT @MichaelSkolnik: The election is not 19 days away. 
The election is over in 19 days. 
The election is now. 
Vote early."
Neutral,liberal,MP_Morrissey,Low energy. Or maybe it's covid-19 related.
Neutral,conservative,pchitch0413,"RT @MrMichaelBurkes: Give me a ""Trump 2020"" if you're voting for Trump in 19 days."
Neutral,conservative,MariaMe42546452,"RT @MrMichaelBurkes: Give me a ""Trump 2020"" if you're voting for Trump in 19 days."
Neutral,conservative,kabayo01,"RT @MrMichaelBurkes: Give me a ""Trump 2020"" if you're voting for Trump in 19 days."
Neutral,conservative,meter_usaid,"RT @MrMichaelBurkes: Give me a ""Trump 2020"" if you're voting for Trump in 19 days."
Neutral,conservative,calaiscl200,"RT @MrMichaelBurkes: Give me a ""Trump 2020"" if you're voting for Trump in 19 days."
Neutral,liberal,KarenSalitis,"RT @DrEricDing: üìçTRUMP WH MUZZLED CDC‚ÄîTrump wanted churches open. So, WH told the CDC to remove church ‚Äúchoir singing‚Äù from guidelines of r‚Ä¶"
Neutral,liberal,MooseRandy,"Trump repeats inaccurate claim about masks, citing CDC study. https://t.co/C3qMhWVN83"
Neutral,liberal,supertech427,White House puts ‚Äòpoliticals‚Äô at CDC to try to control info https://t.co/2HDuHRrMTD #SmartNews
Neutral,liberal,FolkiKaren,"White House puts ‚Äòpoliticals‚Äô at CDC to try to control info
üò≥ https://t.co/TKuOh5sXJ5"
Neutral,liberal,WeissMara,RT @jbendery: Trump has installed 2 political operatives at the CDC to try to control the info it releases about the coronavirus pandemic a‚Ä¶
Neutral,liberal,arw1950,"RT @TheDailyEdge: Trump's failure on #COVID19 has crashed the economy and plunged millions into poverty.

#FailedPresident #VoteHimOut2020‚Ä¶"
Neutral,conservative,PJMLove422,"RT @IlluminateDark8: Connecting the Dots, Covid 19, Masks, CDC, Censorship, False News, ignoring science to influence the election.

It's a‚Ä¶"
Neutral,liberal,SerendipitySays,RT @mattyglesias: Not a Trump Coup but we‚Äôre installing political commissars at the CDC to ensure public health messaging aligns with the G‚Ä¶
Neutral,liberal,Russpoljunkie,RT @JonLemire: NEW: The Trump administration in June installed two political appointees to CDC headquarters who have no public health backg‚Ä¶
Neutral,liberal,chickilopiccolo,RT @JonLemire: NEW: The Trump administration in June installed two political appointees to CDC headquarters who have no public health backg‚Ä¶
Neutral,liberal,Barbie892,RT @JonLemire: NEW: The Trump administration in June installed two political appointees to CDC headquarters who have no public health backg‚Ä¶
Neutral,liberal,KimNewt0528,RT @JonLemire: NEW: The Trump administration in June installed two political appointees to CDC headquarters who have no public health backg‚Ä¶
Neutral,liberal,Susemgf,"RT @ddale8: Trump falsely claims, again, that the CDC just found ""85% of the people that wear masks catch it."" Guthrie, excellently, tells‚Ä¶"
Neutral,liberal,adnildyob,"RT @ddale8: Trump falsely claims, again, that the CDC just found ""85% of the people that wear masks catch it."" Guthrie, excellently, tells‚Ä¶"
Neutral,conservative,CaryNovak,"RT @EpochTimes: ‚ÄúThis is election interference and we are 19 days out from an election,‚Äù said Sen. @TedCruz.

The #SenateJudiciaryCommittee‚Ä¶"
Neutral,conservative,janabru777,"RT @EpochTimes: ‚ÄúThis is election interference and we are 19 days out from an election,‚Äù said Sen. @TedCruz.

The #SenateJudiciaryCommittee‚Ä¶"
Neutral,conservative,jdoveyk,"RT @EpochTimes: ‚ÄúThis is election interference and we are 19 days out from an election,‚Äù said Sen. @TedCruz.

The #SenateJudiciaryCommittee‚Ä¶"
Neutral,liberal,Aa2Anderson,"RT @JoeBiden: Over 215,000 Americans have died from COVID-19, and what is President Trump doing?

Nothing."
Neutral,conservative,scented444,Yes 19 days to send the name #Biden to the dust bin of Corruption History for ever.
Neutral,liberal,jamijturner,Pfizer won't seek coronavirus vaccine authorization until after election https://t.co/SRVKGPYndz
Neutral,conservative,JohnG1Z,"RT @swamp_nugget: Ingraham: Trump, Biden Town Halls Reveal Opposing COVID-19 Response Strategies White House COVID Advisor Dr. Scott Atlas‚Ä¶"
Neutral,conservative,AmysandersonAmy,"RT @TimInHonolulu: And @rupertmurdoch, his son and the @FoxNews hosts will all have to flee to Moscow on January 19.  We know what you did.‚Ä¶"
Neutral,conservative,jjasonwightman,"RT @lawyer4laws: Joe Biden is rewriting History . .
Jan 6 China refused to allow CDC in
Jan 14 WHO Coronavirus is not Transmitted Human to‚Ä¶"
Neutral,liberal,desiree73551864,RT @RawStory: Trump installs political operatives at the CDC to control messaging after leaks ‚Äòupset the apple cart‚Äô: report https://t.co/k‚Ä¶
Neutral,liberal,EAGLEjme,RT @leyna_fay: I want to live in an America where we have leaders who listen to science. #WithBidenWeCan overcome this pandemic because he‚Ä¶
Neutral,liberal,xxdr_zombiexx,"@HiFlowHead Negligent Homicide would be the softball charge.

The trump admin conspired to have the pandemic kill people."
Neutral,liberal,CAPTalksRace,"RT @CAP_Health: The Trump administration‚Äôs handling of the White House #coronavirus cluster is a textbook example of what NOT to do.

The a‚Ä¶"
Neutral,liberal,TheOldOlaf,RT @JeffreyGuterman: Pfizer reports that it will not apply for emergency authorization of its coronavirus vaccine before the third week of‚Ä¶
Neutral,conservative,MarkDan43677865,"RT @DFBHarvard: On Twitter, I can't talk about political corruption in the Biden family, nor where Coronavirus originated!

So, I'll just v‚Ä¶"
Neutral,liberal,MP_Morrissey,"RT @nytimes: Pfizer said that it would not apply for emergency authorization of its coronavirus vaccine before the third week of November,‚Ä¶"
Neutral,liberal,dwegeng,RT @10queues: Pfizer won't seek coronavirus vaccine authorization until after election https://t.co/YVbAV1qQyC
Neutral,conservative,JorgeJaneiro3,"RT @nowthisnews: ‚ÄòWhile Pres. Trump was telling all of us that they had the coronavirus ‚Äòunder control,‚Äô his admin was meeting secretly wit‚Ä¶"
Neutral,liberal,WaymackR,"RT @nytimes: Pfizer said that it would not apply for emergency authorization of its coronavirus vaccine before the third week of November,‚Ä¶"
Neutral,liberal,RuthGri84040637,RT @JeffreyGuterman: Pfizer reports that it will not apply for emergency authorization of its coronavirus vaccine before the third week of‚Ä¶
Neutral,conservative,bendur6,@JoeBiden Is their actual proof wearing a mask will make the Communist Chinese Virus disappear?
Neutral,conservative,kaci1951,"RT @Peoples_Pundit: Yes, @JoeBiden is being ""irresponsible"" visiting Michigan in the middle of a pandemic to mobilize a ""voter motivation""‚Ä¶"
Neutral,conservative,MariaMe42546452,"RT @Peoples_Pundit: Yes, @JoeBiden is being ""irresponsible"" visiting Michigan in the middle of a pandemic to mobilize a ""voter motivation""‚Ä¶"
Neutral,liberal,Purrsyn9,"RT @JoeBiden: We're eight months into this pandemic, and Donald Trump still doesn't have a plan to get this virus under control.

I do."
Neutral,liberal,DoNotTrustTrump,RT @gregpinelo: Don't be surprised if after the election we find a smoking gun proving that allowing or even accelerating the pandemic was‚Ä¶
Neutral,liberal,Ragcha,"RT @PolitiFact: New: President Trump said changes to DACA during his administration are ""because of the pandemic."" False. His administratio‚Ä¶"
Neutral,liberal,mary_swilling,RT @RAICESTEXAS: The President said he had to stop #DACA because of the pandemic but...the Administration ended DACA in 2017 soooo....that‚Äô‚Ä¶
Neutral,liberal,_A__Dub,"Combative Trump insists pandemic almost over, Biden says he did ‚Äònothing‚Äô https://t.co/GcD6Si8jDg"
Neutral,conservative,Ckm4MAGA,"RT @sayitnspinit: #COVID19 lockdowns was an excuse for #Democrats to implement their draconian trial run on socialism &amp; it failed! 
I now g‚Ä¶"
Neutral,liberal,ShanBee9,"@BorisJohnson You have FAILED.

‚ùå FAILED on #Covid19 highest deaths in Europe

‚ùå FAILED on #Brexit - you won electi‚Ä¶ https://t.co/Lhpm9Qntat"
Neutral,conservative,Starrynite2167,"RT @WalshFreedom: There‚Äôs an election for President in 19 days. 

Hey @BenSasse, who are you voting for?

Hey @MittRomney, who are you voti‚Ä¶"
Neutral,conservative,MayMa42554893,RT @TruthandArtTV1: BREAKING- With only 19 days before the elections and 8 years after launching my channel @TeamYouTube has SUSPENDED my P‚Ä¶
Neutral,liberal,Poppa_Squatt,RT @VoteDarlene: He talebaway from Donald Trump's 'town hall' is that he knew he was infected with Covid-19 when he showed up at the debate‚Ä¶
Neutral,liberal,777mhallockgm1,A person who has flown with Biden in recent days tests positive for COVID-19 https://t.co/xsRZFcDZyQ
Neutral,liberal,redpeanut1836,"Trump tried to pass Covid to Joe, this POS is evil !"
Neutral,conservative,notch_j_johnson,"RT @StuDoesAmerica: March 5: Think of the criticism lobbed at the Trump administration about ""downplaying"" the virus. Cuomo does this over‚Ä¶"
Neutral,liberal,tinkreynolds,"RT @TheDailyEdge: Low T's absolute failure on the economy set America up for a crash even before #COVID19 hit.

Farmers, miners, steel and‚Ä¶"
Neutral,liberal,JesuisSanta,"RT @TheDailyEdge: Low T's absolute failure on the economy set America up for a crash even before #COVID19 hit.

Farmers, miners, steel and‚Ä¶"
Neutral,liberal,CarrieSweet2017,"RT @politico: Pfizer will not seek an emergency authorization for its coronavirus vaccine until after the election, the final blow to Presi‚Ä¶"
Neutral,liberal,robindevine4,"RT @politico: Pfizer will not seek an emergency authorization for its coronavirus vaccine until after the election, the final blow to Presi‚Ä¶"
Neutral,liberal,DebraDuGemini59,"RT @politico: Pfizer will not seek an emergency authorization for its coronavirus vaccine until after the election, the final blow to Presi‚Ä¶"
Neutral,liberal,BrianHHunt1,"RT @politico: Pfizer will not seek an emergency authorization for its coronavirus vaccine until after the election, the final blow to Presi‚Ä¶"
Neutral,liberal,JforDemocracy,"RT @politico: Pfizer will not seek an emergency authorization for its coronavirus vaccine until after the election, the final blow to Presi‚Ä¶"
Neutral,liberal,SenekerSarah,"RT @politico: Pfizer will not seek an emergency authorization for its coronavirus vaccine until after the election, the final blow to Presi‚Ä¶"
Neutral,liberal,OGOPer,"RT @politico: Pfizer will not seek an emergency authorization for its coronavirus vaccine until after the election, the final blow to Presi‚Ä¶"
Neutral,liberal,Shellydowa,"RT @politico: Pfizer will not seek an emergency authorization for its coronavirus vaccine until after the election, the final blow to Presi‚Ä¶"
Neutral,liberal,Jinxy_Minxy,"RT @politico: Pfizer will not seek an emergency authorization for its coronavirus vaccine until after the election, the final blow to Presi‚Ä¶"
Neutral,liberal,pescara121,"RT @politico: Pfizer will not seek an emergency authorization for its coronavirus vaccine until after the election, the final blow to Presi‚Ä¶"
Neutral,liberal,jackedmayhem,"RT @politico: Pfizer will not seek an emergency authorization for its coronavirus vaccine until after the election, the final blow to Presi‚Ä¶"
Neutral,liberal,jmacjupiter,"RT @politico: Pfizer will not seek an emergency authorization for its coronavirus vaccine until after the election, the final blow to Presi‚Ä¶"
Neutral,conservative,gwgillett,"RT @LadyRedWave: #JoeBiden‚Äôs #coronavirus Strategy Would Have Left Us 

WORSE OFF
https://t.co/JgZ0svz4Et"
Neutral,liberal,batlaw55,"RT @politico: Pfizer will not seek an emergency authorization for its coronavirus vaccine until after the election, the final blow to Presi‚Ä¶"
Neutral,liberal,mypoliticsanity,"RT @politico: Pfizer will not seek an emergency authorization for its coronavirus vaccine until after the election, the final blow to Presi‚Ä¶"
Neutral,liberal,JohnRya95081680,"RT @politico: Pfizer will not seek an emergency authorization for its coronavirus vaccine until after the election, the final blow to Presi‚Ä¶"
Neutral,liberal,HollyRoseMyers,"RT @politico: Pfizer will not seek an emergency authorization for its coronavirus vaccine until after the election, the final blow to Presi‚Ä¶"
Neutral,liberal,CaliGirl4life61,"RT @politico: Pfizer will not seek an emergency authorization for its coronavirus vaccine until after the election, the final blow to Presi‚Ä¶"
Neutral,liberal,ValiVailVali,"RT @politico: Pfizer will not seek an emergency authorization for its coronavirus vaccine until after the election, the final blow to Presi‚Ä¶"
Neutral,liberal,magic823,"RT @politico: Pfizer will not seek an emergency authorization for its coronavirus vaccine until after the election, the final blow to Presi‚Ä¶"
Neutral,liberal,Bomeque1,"RT @politico: Pfizer will not seek an emergency authorization for its coronavirus vaccine until after the election, the final blow to Presi‚Ä¶"
Neutral,liberal,MaryMoo80957435,"RT @politico: Pfizer will not seek an emergency authorization for its coronavirus vaccine until after the election, the final blow to Presi‚Ä¶"
Neutral,liberal,Sandoo1,@replouiegohmert @realDonaldTrump @JoeBiden @SavannahGuthrie Sour grapes Covid Louie?
Neutral,liberal,arw1950,RT @DavePhD_CHIP: We need to get this election over. Trump is out spreading COVID.
Neutral,conservative,PantheraLeo013,"@GOPChairwoman @realDonaldTrump How ya feelin' kid?
So that #COVID19 is pretty real huh?
Who does #Trump owe $400 m‚Ä¶ https://t.co/PPcZCRpyxT"
Neutral,conservative,FLaughon,"RT @ABurghouts: @MrAndyNgo I wonder, are these the same people that put blame solely only Trump for the Covid virus spread in the US?"
Neutral,liberal,BentonDemocrats,"RT @Bernadette4OR: I've always had a drive to improve the lives of fellow Oregonians. That‚Äôs not the only thing I drive! 

Fun Fact #19: I‚Ä¶"
Neutral,liberal,TimInHonolulu,"And @rupertmurdoch, his son and the @FoxNews hosts will all have to flee to Moscow on January 19.  We know what you‚Ä¶ https://t.co/QtKv3QT3XZ"
Neutral,liberal,jimmyofflagstaf,@lillard_tamara @JesseBWatters Trump said Covid-19 might be a ‚Äúgood thing‚Äù because it would stop him from having to‚Ä¶ https://t.co/CzvNNTF42T
Neutral,conservative,chrbeltran,"RT @OfWaterville: ‚ÄúWe are only 19 more days left until the election, we need to get out on November 3 and vote for a safer America. Vote To‚Ä¶"
Neutral,conservative,TexanAlliKat,"RT @OfWaterville: ‚ÄúWe are only 19 more days left until the election, we need to get out on November 3 and vote for a safer America. Vote To‚Ä¶"
Neutral,liberal,curtisholland15,"RT @briantylercohen: Biden explains that he gets tested everyday for COVID, and that he's not worried about himself, but about ""the people‚Ä¶"
Neutral,liberal,tcobb_lexloci,RT @MarkJacob16: White people who support Trump are showing that they don't mind if he kills hundreds of thousands of people in a pandemic‚Ä¶
Neutral,liberal,Jizzjazz1980,RT @NBCAsianAmerica: Kumail Nanjiani spoke about how President Trump‚Äôs actions during the pandemic have locked down his wife who has an imm‚Ä¶
Neutral,liberal,realspencergray,"NEW @Trafalgar_group (C-) Michigan poll October 11-14:

Biden 45.9% (-0.6)
Trump 46.5%
Jorgensen 2.5%
Hawkins 1.5%

MOE +/- 2.97%"
Neutral,conservative,carolinagurl817,RT @JasonMillerinDC: Joe Biden‚Äôs coronavirus strategy would have left us worse off https://t.co/D2qx3tV4kG
Neutral,liberal,paulharris1957,"RT @lindsaywise: Regarding his own coronavirus diagnosis, just one-fourth of those surveyed said the president was taking the necessary pre‚Ä¶"
Neutral,conservative,kelcrw4,RT @heatherjones333: REPORT: Swing Voters Standing By Trump - Don't Blame Him For Coronavirus Pandemic https://t.co/bPzXAwNSEh
Neutral,liberal,StellaLuna_True,@micahgaren Cuomo put COVID19 patients in nursing homes &amp; refused to use USACE nursing stations setup at txpyr expe‚Ä¶ https://t.co/hq10aPwXDp
Neutral,conservative,PeggyWi69224915,RT @kevindandy1: @JoeBiden OMG he grew it. Than a virus hit he closed down the country AS you said you would have. Stop the fcking lying Bi‚Ä¶
Neutral,liberal,ksyroark,"RT @gtconway3d: You said the virus would go away, like a miracle. You were wrong. You lied. Your instincts are terrible. You're going to lo‚Ä¶"
Neutral,liberal,KarenSalitis,"RT @DrEricDing: 2) ‚ÄúWithout replenishment, this decline may leave Mr. Trump even more susceptible to the virus than most patients who have‚Ä¶"
Neutral,conservative,Mel_Hotpepper,@jack Election interference is against the law. There are 2 candidates not one.
Neutral,conservative,Dforrest1963,RT @GoJackFlynn: Anyone else notice the closer we get to the election that the No of COVID cases increases?
Neutral,conservative,mikew6161,"RT @RichardGrenell: . @JoeBiden won‚Äôt blame Communist China for Covid. 

Now we know why."
Neutral,conservative,Brokin_Fixit,RT @GoJackFlynn: Anyone else notice the closer we get to the election that the No of COVID cases increases?
Neutral,conservative,JBForTrump,"RT @RichardGrenell: . @JoeBiden won‚Äôt blame Communist China for Covid. 

Now we know why."
Neutral,conservative,tladd58,RT @GoJackFlynn: Anyone else notice the closer we get to the election that the No of COVID cases increases?
Neutral,conservative,CindyJo41820052,RT @GoJackFlynn: Anyone else notice the closer we get to the election that the No of COVID cases increases?
Neutral,conservative,atomicdave521,RT @GoJackFlynn: Anyone else notice the closer we get to the election that the No of COVID cases increases?
Neutral,conservative,JoEdmondson3,"RT @RichardGrenell: . @JoeBiden won‚Äôt blame Communist China for Covid. 

Now we know why."
Neutral,conservative,beachkatie,"RT @RichardGrenell: . @JoeBiden won‚Äôt blame Communist China for Covid. 

Now we know why."
Neutral,conservative,LynnChance7,"RT @RichardGrenell: . @JoeBiden won‚Äôt blame Communist China for Covid. 

Now we know why."
Neutral,conservative,stand4flag,"RT @RichardGrenell: . @JoeBiden won‚Äôt blame Communist China for Covid. 

Now we know why."
Neutral,conservative,rayzorfit,"RT @RichardGrenell: . @JoeBiden won‚Äôt blame Communist China for Covid. 

Now we know why."
Neutral,conservative,LottaCats454,RT @GoJackFlynn: Anyone else notice the closer we get to the election that the No of COVID cases increases?
Neutral,conservative,RealWendyTeresa,"RT @RichardGrenell: . @JoeBiden won‚Äôt blame Communist China for Covid. 

Now we know why."
Neutral,conservative,TXChiks4Trump,"RT @RichardGrenell: . @JoeBiden won‚Äôt blame Communist China for Covid. 

Now we know why."
Neutral,conservative,sherman_bunch,RT @GoJackFlynn: Anyone else notice the closer we get to the election that the No of COVID cases increases?
Neutral,conservative,Thompson_KJ,RT @GoJackFlynn: Anyone else notice the closer we get to the election that the No of COVID cases increases?
Neutral,conservative,NurseViper,"RT @RichardGrenell: . @JoeBiden won‚Äôt blame Communist China for Covid. 

Now we know why."
Neutral,conservative,Patrici38689756,"RT @RichardGrenell: . @JoeBiden won‚Äôt blame Communist China for Covid. 

Now we know why."
Neutral,conservative,KCMalone0531,"RT @RichardGrenell: . @JoeBiden won‚Äôt blame Communist China for Covid. 

Now we know why."
Neutral,conservative,CraigGofishguy,"RT @RichardGrenell: . @JoeBiden won‚Äôt blame Communist China for Covid. 

Now we know why."
Neutral,conservative,DCinLTown,RT @GoJackFlynn: Anyone else notice the closer we get to the election that the No of COVID cases increases?
Neutral,conservative,edinssister,RT @GoJackFlynn: Anyone else notice the closer we get to the election that the No of COVID cases increases?
Neutral,conservative,janiek13,"RT @RichardGrenell: . @JoeBiden won‚Äôt blame Communist China for Covid. 

Now we know why."
Neutral,conservative,fabnforgotten,RT @GoJackFlynn: Anyone else notice the closer we get to the election that the No of COVID cases increases?
Neutral,conservative,BettyWi17899666,RT @GoJackFlynn: Anyone else notice the closer we get to the election that the No of COVID cases increases?
Neutral,conservative,flyrodd2003,"RT @RichardGrenell: . @JoeBiden won‚Äôt blame Communist China for Covid. 

Now we know why."
Neutral,conservative,jaholla55,"RT @RichardGrenell: . @JoeBiden won‚Äôt blame Communist China for Covid. 

Now we know why."
Neutral,conservative,mc_randman,RT @GoJackFlynn: Anyone else notice the closer we get to the election that the No of COVID cases increases?
Neutral,liberal,JoeWasHere2020,@mamabridgee Keep spreading fake news. It's been proven that more people died from COVID-19 than has been reported‚Ä¶ https://t.co/j6DxCMqrys
Neutral,conservative,MrsSav17,@VickyMu62727347 @hypersoniccc @icecube @CuomoPrimeTime @CNN Well China cauaed Covid 19. So what the hell does that‚Ä¶ https://t.co/JIQezno8GV
Neutral,liberal,winetast3r,"RT @gon_hntn: @Goss30Goss @winetast3r Yep, he got COVID-19, without a mask while prepping @realDonaldTrump, telling him to constantly inter‚Ä¶"
Neutral,liberal,iamLucretiaMott,RT @CNN: President Donald Trump could not definitively say on Thursday whether he was tested for Covid-19 on the day of his first president‚Ä¶
Neutral,liberal,LawsonForIN,"RT @DrWoodyMyers: There's only 19 days til the election &amp; Dems across Indiana need your support.

That's why I'm excited to join @INDems's‚Ä¶"
Neutral,liberal,reginaldedward3,I would consider a 19 day alliance provided they admit their complicity in the attempted takedown of America and th‚Ä¶ https://t.co/Gxhgn5wLbA
Neutral,liberal,mgnla0824,"RT @JonLemire: Trump was evasive when pressed about whether he took a required COVID-19 test before his first debate with Biden.

Angry and‚Ä¶"
Neutral,liberal,VotingBlueinNov,"RT @CNN: After the second presidential debate was scrapped due to the President's Covid-19 diagnosis, Trump and Biden agreed to nationally‚Ä¶"
Neutral,liberal,FioriniGail,RT @NorskLadyWolf: The world‚Äôs largest randomized control trial of the drug Remdesivir has now concluded that it has NO effect on COVID-19.‚Ä¶
Neutral,conservative,SusanCl28446489,"@realDonaldTrump Trump is on record admitting the virus was airborne and deadly in Feb, paying off Stormy Daniels,‚Ä¶ https://t.co/ycb9PIULeS"
Neutral,conservative,plsorrell123,Look üëÄ at the different how the 2 Moderators acted.. it was like Dark to Light.
Neutral,liberal,lovineleven,"Biden Viewers: 2.5M
Trump Viewers: 1.6M

baaahahahhahaaaa"
Neutral,conservative,LuvGrammyLife,"RT @LizRNC: I mean, hello?

We're fighting a pandemic caused by the CCP. 

And the Democrat nominee for president is OWNED by the CCP!

htt‚Ä¶"
Neutral,conservative,joybug73,@KamalaHarris @JoeBiden Jesus Christ have you not watched the media for 3 1/2 years?!?
Neutral,liberal,DemsAbroadFR,"5... 4... 3... 2... 1
#VOTE

https://t.co/sxVHVRzIgh"
Neutral,liberal,VMCat,@jjz1600 @JoeBiden I listened to the audiobook of @Gladwell 's book Talking to Strangers while sewing COVID masks.
Neutral,liberal,Locou9,RT @clashpandaRay1: @jayrosen_nyu Also Trump conveniently left out that really the Congresspeople that caught COVID are Republicans some of‚Ä¶
Neutral,liberal,MooseRandy,Trump questioned if his opinion on mask wearing changed after contracting Covid https://t.co/eaXSlmSEJ5
Neutral,conservative,AmysandersonAmy,RT @OurProgressive: Pfizer won't seek coronavirus vaccine authorization until after election https://t.co/AikoXxZuaS https://t.co/L3iHlJrcR1
Neutral,liberal,parkse,RT @ryanbeckwith: Trump just claimed that 85% of people who wear masks get coronavirus. This is not correct. https://t.co/OLYxWj2Pjj
Neutral,liberal,Vanessa75998849,RT @charleyw: President #DonaldTrump plans to hold a rally in #Wisconsin Saturday despite his own White House Coronavirus Task Force tellin‚Ä¶
Neutral,liberal,DianaChic1,RT @gatewaypundit: REPORT: Swing Voters Standing By Trump - Don't Blame Him For Coronavirus Pandemic via @gatewaypundit https://t.co/t9x4dh‚Ä¶
Neutral,conservative,RavensKaren,RT @ArtHall19: REPORT: Swing Voters Standing By Trump - Don't Blame Him For Coronavirus Pandemic via @gatewaypundit https://t.co/rGYD5zvK3V
Neutral,liberal,PegOLoughlin,"‚ÄòOverwhelmed‚Äô: Hospitals engulfed by rebounding virus in Utah, Indiana, Wisconsin, &amp; Texas. 

@JoeBiden knows this‚Ä¶ https://t.co/18Q7hlrDgx"
Neutral,conservative,Kellylayne10,"@MurchMop @RiddleJoshA @JoeBiden 1. He didn't call the virus a hoax look up the context of the comment. 
2. The Sta‚Ä¶ https://t.co/empwQmYmDi"
Neutral,conservative,Marshmyst,WHO special envoy says Politicians should stop politicising the virus as people need to listen to government advice‚Ä¶ https://t.co/MzspZSM0nB
Neutral,conservative,EricS80,"Just remember that Joe Biden, who was VP at a time when H1N1 infected over 60 million Americans, has a clear-cut plan to stop a virus."
Neutral,liberal,JeanneLake1,RT @JoeNBC: An early morning read to freak out Democrats and remind them with 19 days left that Trump could be re-elected if they get compl‚Ä¶
Neutral,liberal,Terras_Garden,RT @KVFitzpatrick1: The past 15 months have been nothing short of incredible. 19 days left of fighting the good fight for @JoeBiden. #TeamJ‚Ä¶
Neutral,liberal,Arriadna,"RT @gregolear: The good news is, doctors DO have effective treatments for covid-19. If they can save Chris Christie &amp; his plethora of comor‚Ä¶"
Neutral,liberal,Slapout4,RT @KVFitzpatrick1: The past 15 months have been nothing short of incredible. 19 days left of fighting the good fight for @JoeBiden. #TeamJ‚Ä¶
Neutral,liberal,LuzetteH,"RT @gregolear: The good news is, doctors DO have effective treatments for covid-19. If they can save Chris Christie &amp; his plethora of comor‚Ä¶"
Neutral,liberal,bob_bv,"RT @WalshFreedom: Hey Republicans, pardon my fucking language, but here‚Äôs the deal: With 19 days to go, finally criticizing Donald Trump at‚Ä¶"
Neutral,liberal,mgnla0824,"RT @JonLemire: ""The odd spectacle, which deprived viewers of a simultaneous look at the men just 19 days before Election Day, seemed fittin‚Ä¶"
Neutral,liberal,HuemanityX,"RT @gregolear: The good news is, doctors DO have effective treatments for covid-19. If they can save Chris Christie &amp; his plethora of comor‚Ä¶"
Neutral,liberal,greatlakesgirl,"RT @WalshFreedom: Hey Republicans, pardon my fucking language, but here‚Äôs the deal: With 19 days to go, finally criticizing Donald Trump at‚Ä¶"
Neutral,liberal,EdmundoMolina6,RT @TeamJoe: Donald Trump failed our nation with his response to COVID-19. @JoeBiden has stepped up and given us the plan for recovery we d‚Ä¶
Neutral,liberal,JP7916,"RT @WalshFreedom: Hey Republicans, pardon my fucking language, but here‚Äôs the deal: With 19 days to go, finally criticizing Donald Trump at‚Ä¶"
Neutral,conservative,voss_finn,@marklevinshow Typical RINO playing all sides of the political cube. To make these comments 19 days from an electio‚Ä¶ https://t.co/JcwptdB7d5
Neutral,liberal,Markus03121966,"RT @mkraju: ‚ÄúEven in a contentious election year, we must trust the American people with the truth,‚Äù Christie says of covid-19, which he de‚Ä¶"
Neutral,liberal,RoseBes45531059,"RT @gregolear: The good news is, doctors DO have effective treatments for covid-19. If they can save Chris Christie &amp; his plethora of comor‚Ä¶"
Neutral,conservative,elzieim29,"RT @trish_regan: #Cuomo blames Trump for Covid-19: He doesn‚Äôt know how to govern... 

And that's coming from the New York's governor who di‚Ä¶"
Neutral,liberal,FarrellKathy,"RT @WalshFreedom: Hey Republicans, pardon my fucking language, but here‚Äôs the deal: With 19 days to go, finally criticizing Donald Trump at‚Ä¶"
Neutral,liberal,Fixeruppor,"RT @WalshFreedom: Hey Republicans, pardon my fucking language, but here‚Äôs the deal: With 19 days to go, finally criticizing Donald Trump at‚Ä¶"
Neutral,liberal,McnellisWilliam,RT @An3ita5: Wisconsin recorded its worst day of the pandemic this week. The state opened a field hospital in response to the surge in pati‚Ä¶
Neutral,liberal,KarenOldaker,RT @centsible: Mitch McConnell Refuses To Allow Pandemic Stimulus Vote https://t.co/SkUZ6nSRtA via @politicususa
Neutral,liberal,loyaltotruth1,"RT @loyaltotruth1: trump wants us to forget 222,754 Americans died of COVID due to his LIES and negligence. If trump had taken the virus se‚Ä¶"
Neutral,liberal,slangword,RT @morgfair: That's who @JoeBiden  is. I have 2 friends who had life-altering tragedies and he was the first person on the phone and walke‚Ä¶
Neutral,liberal,planoldtired,@mkraju traitor trump thinks there are 2 Americas divided into the deplorables and decent people.  He only services the deplorables.
Neutral,liberal,laurakgon,"RT @ann_neona: Harris County tried to make voting easier during the pandemic. Texas Republicans fought every step of the way
In a bitterly‚Ä¶"
Neutral,liberal,Ugomego,Wisconsin recorded its worst day of the pandemic this week. The state opened a field hospital in response to the su‚Ä¶ https://t.co/y3Yrwi6xLP
Neutral,liberal,Harv614Harvey,Coronavirus updates: Fauci warns Thanksgiving celebrations a 'risk' as US nears 8M cases; WHO study knocks remdesiv‚Ä¶ https://t.co/71KWQ5aFNv
Neutral,liberal,eagarrett14,RT @taragolshan: I cannot get over that a literal field hospital opened in Wisconsin just *yesterday* because of a surge in Covid cases and‚Ä¶
Neutral,liberal,jo_jlsr3353,"RT @Wildwilly1000: @jo_jlsr3353 Yes, because the tRUMP Covid States are out of control.

Winter will be brutal. Even after there are therap‚Ä¶"
Neutral,conservative,dibblelewisx2,"RT @RealMattCouch: Did the riots stop, or did the media just quit covering them to help Joe Biden.. 

Now do Covid..."
Neutral,conservative,AmericanVeter15,"RT @DC_Draino: Biden just said he‚Äôll mandate COVID vaccines for every American

Sick bastard"
Neutral,conservative,SuzanneFreedom,"RT @DC_Draino: Biden just said he‚Äôll mandate COVID vaccines for every American

Sick bastard"
Neutral,conservative,Rosie90201540,"RT @DC_Draino: Biden just said he‚Äôll mandate COVID vaccines for every American

Sick bastard"
Neutral,liberal,robindevine4,RT @taragolshan: I cannot get over that a literal field hospital opened in Wisconsin just *yesterday* because of a surge in Covid cases and‚Ä¶
Neutral,conservative,megrod2778,"RT @RealMattCouch: Did the riots stop, or did the media just quit covering them to help Joe Biden.. 

Now do Covid..."
Neutral,liberal,CoVov,"RT @MasonTBecker: Has to be said again. The #Trump GOP doesn't care:
- If you get sick and die from COVID.
- If you get shot in the street.‚Ä¶"
Neutral,conservative,89RedBetty,"RT @RealMattCouch: Did the riots stop, or did the media just quit covering them to help Joe Biden.. 

Now do Covid..."
Neutral,liberal,s3bland57,"RT @MasonTBecker: Has to be said again. The #Trump GOP doesn't care:
- If you get sick and die from COVID.
- If you get shot in the street.‚Ä¶"
Neutral,conservative,whatusaynono,"RT @DC_Draino: Biden just said he‚Äôll mandate COVID vaccines for every American

Sick bastard"
Neutral,liberal,kasseykrammer,"RT @HawaiiDelilah: With 19 days left until Nov. 3, 18 million ballots have already been cast in 43 states. That is a record.  To beat Trump‚Ä¶"
Neutral,liberal,JulieDa13267663,"RT @denuribe73: PolitiFact: Donald Trump's false claim of DACA changes 'because of the pandemic'.
https://t.co/7QmwHdlhiU

via @GoogleNews"
Neutral,liberal,RamiroSchaefer,@FLOTUS @mercedesschlapp You mean Hunter Biden nonsense?ü§î conveniently posted 2.5 weeks before an election.
Neutral,liberal,LarrianneMoore,"2/""There are perhaps some contexts where this exchange would be too much,but in 2020, in the midst of a global pand‚Ä¶ https://t.co/nRw3JW4qFl"
Neutral,liberal,FashionistaNY,"RT @TheDailyShow: BIDEN: Here's my detailed plan to combat COVID-19

TRUMP: QAnon actually discovered Osama bin Laden alive and well in Pho‚Ä¶"
Neutral,liberal,LuzetteH,"RT @TheDailyShow: BIDEN: Here's my detailed plan to combat COVID-19

TRUMP: QAnon actually discovered Osama bin Laden alive and well in Pho‚Ä¶"
Neutral,liberal,brado_77,"RT @TheDailyShow: BIDEN: Here's my detailed plan to combat COVID-19

TRUMP: QAnon actually discovered Osama bin Laden alive and well in Pho‚Ä¶"
Neutral,liberal,ChiliTXN,"RT @TheDailyShow: BIDEN: Here's my detailed plan to combat COVID-19

TRUMP: QAnon actually discovered Osama bin Laden alive and well in Pho‚Ä¶"
Neutral,liberal,WCaddict,"RT @TheDailyShow: BIDEN: Here's my detailed plan to combat COVID-19

TRUMP: QAnon actually discovered Osama bin Laden alive and well in Pho‚Ä¶"
Neutral,liberal,JosieWebster11,"RT @TheDailyShow: BIDEN: Here's my detailed plan to combat COVID-19

TRUMP: QAnon actually discovered Osama bin Laden alive and well in Pho‚Ä¶"
Neutral,liberal,fredshesaid1,"RT @jordanzakarin: To help Donald Trump get the full COVID-19 experience, let‚Äôs make sure he loses his job and is evicted from his home nex‚Ä¶"
Neutral,liberal,cathylcar,@replouiegohmert @realDonaldTrump @JoeBiden @SavannahGuthrie What debate? Did Covid kill your brain cells? Impeache‚Ä¶ https://t.co/1YoRMNmHIb
Neutral,conservative,seriousserb,RT @jabeale: Unconscionable. He's dancing on the graves of Covid victims and demeaning the economic ruin of millions by taking political ad‚Ä¶
Neutral,conservative,icantbefrench,"@JoeBiden You have no one to blame but your corrupt buddy, Nancy Pelosi, for  Covid package not being passed. Your‚Ä¶ https://t.co/rtsW9S9zKw"
Neutral,conservative,OurBusinessHero,"RT @TangoGSierra: Most ‚Äòswing voters‚Äô sticking with Trump, don‚Äôt blame him for COVID https://t.co/Q6JIpkO30s"
Neutral,liberal,KathiePloskonka,"RT @RobAnderson2018: Due to Covid, we are renting a small venue for an election night watch party (I‚Äôll stream some for y‚Äôall); when I was‚Ä¶"
Neutral,conservative,BowlingNicolas,"RT @NicoRealNSE: Joe Biden will consider making COVID-19 vaccine mandatory

#JoeBiden offered a startling answer at last nights ABC Town Ha‚Ä¶"
Neutral,conservative,NicoRealNSE,"Joe Biden will consider making COVID-19 vaccine mandatory

#JoeBiden offered a startling answer at last nights ABC‚Ä¶ https://t.co/aRlGjlYsDX"
Neutral,conservative,Spacereportern1,"RT @cspan: Today on C-SPAN: 
11am - Dr. Anthony Fauci on COVID-19 @JohnsHopkins 
2:30pm - Joe Biden in Southfield, MI 
7pm - President Trum‚Ä¶"
Neutral,liberal,firefly909,"RT @JustBella: Last night‚Äôs numbers tell an important tale: üí•üëåüèº

#FredsFailure NBC: 153,660 viewers 
@JoeBiden ABC:  507,445 viewers

19 da‚Ä¶"
Neutral,conservative,DanAndr01130932,RT @Braveheart_USA: How did #Mueller do a 2 year investigation on Russia and miss a $3.5 million payment to the @JoeBiden family???
Neutral,conservative,Buddybuckbow,RT @Braveheart_USA: How did #Mueller do a 2 year investigation on Russia and miss a $3.5 million payment to the @JoeBiden family???
Neutral,conservative,MarilynLahi1,RT @Braveheart_USA: How did #Mueller do a 2 year investigation on Russia and miss a $3.5 million payment to the @JoeBiden family???
Neutral,conservative,JayP_is_Blessed,RT @Braveheart_USA: How did #Mueller do a 2 year investigation on Russia and miss a $3.5 million payment to the @JoeBiden family???
Neutral,conservative,ElizabethDaril1,RT @Braveheart_USA: How did #Mueller do a 2 year investigation on Russia and miss a $3.5 million payment to the @JoeBiden family???
Neutral,conservative,Helovedmefirst,RT @Braveheart_USA: How did #Mueller do a 2 year investigation on Russia and miss a $3.5 million payment to the @JoeBiden family???
Neutral,conservative,EvonOwe83727713,RT @Braveheart_USA: How did #Mueller do a 2 year investigation on Russia and miss a $3.5 million payment to the @JoeBiden family???
Neutral,conservative,Jimmatt03253719,RT @Braveheart_USA: How did #Mueller do a 2 year investigation on Russia and miss a $3.5 million payment to the @JoeBiden family???
Neutral,conservative,Goosey871,RT @Braveheart_USA: How did #Mueller do a 2 year investigation on Russia and miss a $3.5 million payment to the @JoeBiden family???
Neutral,conservative,dddaniel059,RT @Braveheart_USA: How did #Mueller do a 2 year investigation on Russia and miss a $3.5 million payment to the @JoeBiden family???
Neutral,conservative,debhold11254,RT @Braveheart_USA: How did #Mueller do a 2 year investigation on Russia and miss a $3.5 million payment to the @JoeBiden family???
Neutral,conservative,pookakuya,RT @Braveheart_USA: How did #Mueller do a 2 year investigation on Russia and miss a $3.5 million payment to the @JoeBiden family???
Neutral,conservative,grantsforhome,RT @Braveheart_USA: How did #Mueller do a 2 year investigation on Russia and miss a $3.5 million payment to the @JoeBiden family???
Neutral,conservative,TracyMcTrump,RT @Braveheart_USA: How did #Mueller do a 2 year investigation on Russia and miss a $3.5 million payment to the @JoeBiden family???
Neutral,conservative,EricDarrell,RT @Braveheart_USA: How did #Mueller do a 2 year investigation on Russia and miss a $3.5 million payment to the @JoeBiden family???
Neutral,conservative,ernest_ernesw,RT @Braveheart_USA: How did #Mueller do a 2 year investigation on Russia and miss a $3.5 million payment to the @JoeBiden family???
Neutral,conservative,Georgia51931,RT @Braveheart_USA: How did #Mueller do a 2 year investigation on Russia and miss a $3.5 million payment to the @JoeBiden family???
Neutral,conservative,JosieSalamone,RT @Braveheart_USA: How did #Mueller do a 2 year investigation on Russia and miss a $3.5 million payment to the @JoeBiden family???
Neutral,conservative,Deborah34476356,RT @Braveheart_USA: How did #Mueller do a 2 year investigation on Russia and miss a $3.5 million payment to the @JoeBiden family???
Neutral,conservative,RedSnapper2017,RT @Braveheart_USA: How did #Mueller do a 2 year investigation on Russia and miss a $3.5 million payment to the @JoeBiden family???
Neutral,conservative,PJS18463750,"RT @petluvers4Trump: You left the ‚Äúnew normal‚Äù of less than 2% GDP growth. Remember when Obama said that?

But @realDonaldTrump had the mag‚Ä¶"
Neutral,conservative,veteran423,RT @Braveheart_USA: How did #Mueller do a 2 year investigation on Russia and miss a $3.5 million payment to the @JoeBiden family???
Neutral,conservative,Navgirl2,RT @Braveheart_USA: How did #Mueller do a 2 year investigation on Russia and miss a $3.5 million payment to the @JoeBiden family???
Neutral,conservative,bhmrebel,RT @Braveheart_USA: How did #Mueller do a 2 year investigation on Russia and miss a $3.5 million payment to the @JoeBiden family???
Neutral,conservative,BumbleB34872407,RT @Braveheart_USA: How did #Mueller do a 2 year investigation on Russia and miss a $3.5 million payment to the @JoeBiden family???
Neutral,conservative,UncleSa21602933,RT @Braveheart_USA: How did #Mueller do a 2 year investigation on Russia and miss a $3.5 million payment to the @JoeBiden family???
Neutral,conservative,TommyBarnard4,RT @Braveheart_USA: How did #Mueller do a 2 year investigation on Russia and miss a $3.5 million payment to the @JoeBiden family???
Neutral,conservative,KStyler3,RT @Braveheart_USA: How did #Mueller do a 2 year investigation on Russia and miss a $3.5 million payment to the @JoeBiden family???
Neutral,conservative,jzfloridagirl,RT @Braveheart_USA: How did #Mueller do a 2 year investigation on Russia and miss a $3.5 million payment to the @JoeBiden family???
Neutral,conservative,LNanJohnson1,RT @Braveheart_USA: How did #Mueller do a 2 year investigation on Russia and miss a $3.5 million payment to the @JoeBiden family???
Neutral,conservative,Maveric01258917,RT @Braveheart_USA: How did #Mueller do a 2 year investigation on Russia and miss a $3.5 million payment to the @JoeBiden family???
Neutral,conservative,VelliMack,RT @Braveheart_USA: How did #Mueller do a 2 year investigation on Russia and miss a $3.5 million payment to the @JoeBiden family???
Neutral,conservative,ChrisLindseyHow,What happened 2 all the rioting &amp; protesting? It didn‚Äôt work for the #DemonicRats so they eliminated it.‚Ä¶ https://t.co/Oioxyzf9Cz
Neutral,conservative,TDomanoski,RT @Braveheart_USA: How did #Mueller do a 2 year investigation on Russia and miss a $3.5 million payment to the @JoeBiden family???
Neutral,conservative,DCinLTown,RT @Braveheart_USA: How did #Mueller do a 2 year investigation on Russia and miss a $3.5 million payment to the @JoeBiden family???
Neutral,conservative,tracieraeck,RT @Braveheart_USA: How did #Mueller do a 2 year investigation on Russia and miss a $3.5 million payment to the @JoeBiden family???
Neutral,conservative,Jessie19688,RT @Braveheart_USA: How did #Mueller do a 2 year investigation on Russia and miss a $3.5 million payment to the @JoeBiden family???
Neutral,conservative,Ckm4MAGA,RT @Braveheart_USA: How did #Mueller do a 2 year investigation on Russia and miss a $3.5 million payment to the @JoeBiden family???
Neutral,conservative,Alykhat1,RT @Braveheart_USA: How did #Mueller do a 2 year investigation on Russia and miss a $3.5 million payment to the @JoeBiden family???
Neutral,conservative,naturesmiracle7,RT @chuckwoolery: I want to know why the FBI would sit on these Hunter Biden E-mails for 2 years and we knew nothing about them?
Neutral,conservative,rtsj43,RT @Braveheart_USA: How did #Mueller do a 2 year investigation on Russia and miss a $3.5 million payment to the @JoeBiden family???
Neutral,conservative,Gail94095105,RT @Braveheart_USA: How did #Mueller do a 2 year investigation on Russia and miss a $3.5 million payment to the @JoeBiden family???
Neutral,conservative,POLLSRFRAUD,RT @Braveheart_USA: How did #Mueller do a 2 year investigation on Russia and miss a $3.5 million payment to the @JoeBiden family???
Neutral,conservative,edinssister,RT @Braveheart_USA: How did #Mueller do a 2 year investigation on Russia and miss a $3.5 million payment to the @JoeBiden family???
Neutral,conservative,edod2012,RT @Braveheart_USA: How did #Mueller do a 2 year investigation on Russia and miss a $3.5 million payment to the @JoeBiden family???
Neutral,conservative,sh3ub1e,RT @Braveheart_USA: How did #Mueller do a 2 year investigation on Russia and miss a $3.5 million payment to the @JoeBiden family???
Neutral,conservative,89RedBetty,RT @Braveheart_USA: How did #Mueller do a 2 year investigation on Russia and miss a $3.5 million payment to the @JoeBiden family???
Neutral,conservative,Meteorologist88,RT @Braveheart_USA: How did #Mueller do a 2 year investigation on Russia and miss a $3.5 million payment to the @JoeBiden family???
Neutral,conservative,Angelak75,RT @Braveheart_USA: How did #Mueller do a 2 year investigation on Russia and miss a $3.5 million payment to the @JoeBiden family???
Neutral,conservative,Rwech35640,RT @Braveheart_USA: How did #Mueller do a 2 year investigation on Russia and miss a $3.5 million payment to the @JoeBiden family???
Neutral,conservative,MidwestMark228,RT @Braveheart_USA: How did #Mueller do a 2 year investigation on Russia and miss a $3.5 million payment to the @JoeBiden family???
Neutral,conservative,SktMaga2020,RT @Braveheart_USA: How did #Mueller do a 2 year investigation on Russia and miss a $3.5 million payment to the @JoeBiden family???
Neutral,conservative,bjstooshort,RT @Braveheart_USA: How did #Mueller do a 2 year investigation on Russia and miss a $3.5 million payment to the @JoeBiden family???
Neutral,conservative,Right_NotLeft,@jennarcuri @JoeBiden You're replying to a 2-day old tweet. Not sure if you noticed that. Did you have any qualms a‚Ä¶ https://t.co/oZrlu7Yxh8
Neutral,conservative,cameronfast,RT @Braveheart_USA: How did #Mueller do a 2 year investigation on Russia and miss a $3.5 million payment to the @JoeBiden family???
Neutral,conservative,AmericanRUs1,RT @Braveheart_USA: How did #Mueller do a 2 year investigation on Russia and miss a $3.5 million payment to the @JoeBiden family???
Neutral,conservative,1054Hartsville,RT @Braveheart_USA: How did #Mueller do a 2 year investigation on Russia and miss a $3.5 million payment to the @JoeBiden family???
Neutral,liberal,lily21951,"RT @Blue_Texas2020: That's 27.2% of all votes cast in 2016, with 16 more early voting days + election day to go."
Neutral,conservative,colleenthevet,RT @Braveheart_USA: How did #Mueller do a 2 year investigation on Russia and miss a $3.5 million payment to the @JoeBiden family???
Neutral,conservative,bill77710,RT @Braveheart_USA: How did #Mueller do a 2 year investigation on Russia and miss a $3.5 million payment to the @JoeBiden family???
Neutral,conservative,bonnie_bunnell,RT @Braveheart_USA: How did #Mueller do a 2 year investigation on Russia and miss a $3.5 million payment to the @JoeBiden family???
Neutral,conservative,wyckoffathome,"RT @petluvers4Trump: You left the ‚Äúnew normal‚Äù of less than 2% GDP growth. Remember when Obama said that?

But @realDonaldTrump had the mag‚Ä¶"
Neutral,conservative,weetheee,RT @Braveheart_USA: How did #Mueller do a 2 year investigation on Russia and miss a $3.5 million payment to the @JoeBiden family???
Neutral,conservative,200mphlunch,RT @Braveheart_USA: How did #Mueller do a 2 year investigation on Russia and miss a $3.5 million payment to the @JoeBiden family???
Neutral,conservative,PoliticNutt,RT @Braveheart_USA: How did #Mueller do a 2 year investigation on Russia and miss a $3.5 million payment to the @JoeBiden family???
Neutral,conservative,skstx,RT @Braveheart_USA: How did #Mueller do a 2 year investigation on Russia and miss a $3.5 million payment to the @JoeBiden family???
Neutral,conservative,franticfil,RT @Braveheart_USA: How did #Mueller do a 2 year investigation on Russia and miss a $3.5 million payment to the @JoeBiden family???
Neutral,conservative,Johnbra11445958,RT @Braveheart_USA: How did #Mueller do a 2 year investigation on Russia and miss a $3.5 million payment to the @JoeBiden family???
Neutral,conservative,gr8tOrganist,RT @Braveheart_USA: How did #Mueller do a 2 year investigation on Russia and miss a $3.5 million payment to the @JoeBiden family???
Neutral,conservative,ChuckMa10442409,RT @VicToensing: Do you think MSM will blame @KamalaHarris and @JoeBiden because Democratic campaign staffers tested positive for COVID?  T‚Ä¶
Neutral,liberal,gamerchick0810,"RT @BeAHeroTeam: Because of @realDonaldTrump‚Äôs total failure of leadership during COVID, more than 1,700 health care workers have lost thei‚Ä¶"
Neutral,conservative,SamyD12,"RT @RichardGrenell: . @JoeBiden won‚Äôt blame Communist China for Covid. 

Now we know why. https://t.co/3afKw4VBke"
Neutral,conservative,dogpoopelosi1,"RT @RichardGrenell: . @JoeBiden won‚Äôt blame Communist China for Covid. 

Now we know why. https://t.co/3afKw4VBke"
Neutral,liberal,ronaldtrumbo,RT @Weinsteinlaw: Donald Trump claims to have ‚Äúone of the greatest memories of all time‚Äù but he can‚Äôt remember if he had a COVID test on th‚Ä¶
Neutral,conservative,MamaMac,"RT @Debbieh625: Guthrie seemed very irritated &amp; ready for a fight.  She and her friend, COVID, were in the ring w gloves on coming for Trum‚Ä¶"
Neutral,conservative,venjon52,RT @LalaFlorida94: 3rd person tested positive for Covid associated with the Biden campaign ! According to the Chicago Tribune. I thought th‚Ä¶
Neutral,conservative,Republicanmama2,"RT @RichardGrenell: . @JoeBiden won‚Äôt blame Communist China for Covid. 

Now we know why. https://t.co/3afKw4VBke"
Neutral,conservative,reubing,"RT @Debbieh625: Guthrie seemed very irritated &amp; ready for a fight.  She and her friend, COVID, were in the ring w gloves on coming for Trum‚Ä¶"
Neutral,conservative,ThePrisoner006,"For sane people, there is no choice in this election. The #Covid scam has shown us the true agenda of the Democrats‚Ä¶ https://t.co/MiE9TYjiAO"
Neutral,conservative,jag1803,RT @LalaFlorida94: 3rd person tested positive for Covid associated with the Biden campaign ! According to the Chicago Tribune. I thought th‚Ä¶
Neutral,conservative,anchor_fouled,"RT @lizcabrera55: @JoeBiden I can't believe you are still speaking up!

1.  Business deals with China!
2.  You and Hunter!
3.  Getting paid‚Ä¶"
Neutral,conservative,allierondo,"RT @CuddleTalk: @JoeBiden Repealing the Trump Tax cuts raises my middle-income taxes by $2,000 per year!"
Neutral,conservative,mimialoha55,"RT @RealJohnDennis: 1. @JoeBiden is a traitor.
2. Tech is controlled by the Democrats. 

Biden subverted US foreign policy for his own gain‚Ä¶"
Neutral,conservative,patriot_70,"RT @RealJohnDennis: 1. @JoeBiden is a traitor.
2. Tech is controlled by the Democrats. 

Biden subverted US foreign policy for his own gain‚Ä¶"
Neutral,conservative,AmysandersonAmy,"RT @Amy_Siskind: 21.2 MILLION Americans have voted!  More than 15% of all who voted in 2016. 

Of states that report by party:
Democrats- 5‚Ä¶"
Neutral,liberal,Nica24,"RT @Amy_Siskind: 21.2 MILLION Americans have voted!  More than 15% of all who voted in 2016. 

Of states that report by party:
Democrats- 5‚Ä¶"
Neutral,liberal,COsunshine,"RT @Amy_Siskind: 21.2 MILLION Americans have voted!  More than 15% of all who voted in 2016. 

Of states that report by party:
Democrats- 5‚Ä¶"
Neutral,liberal,GLBRBR,"RT @Amy_Siskind: 21.2 MILLION Americans have voted!  More than 15% of all who voted in 2016. 

Of states that report by party:
Democrats- 5‚Ä¶"
Neutral,liberal,tmoncho,"RT @Amy_Siskind: 21.2 MILLION Americans have voted!  More than 15% of all who voted in 2016. 

Of states that report by party:
Democrats- 5‚Ä¶"
Neutral,conservative,DriverCarolina,"RT @abigailmarone: Twitter really just stopped you from sharing news articles for 2 days because they were bad for Biden, blocked multiple‚Ä¶"
Neutral,conservative,CDPatriot,"RT @RealJohnDennis: 1. @JoeBiden is a traitor.
2. Tech is controlled by the Democrats. 

Biden subverted US foreign policy for his own gain‚Ä¶"
Neutral,conservative,rpward51,RT @SaraCarterDC: The irony is if you look back the fake impeachment Coup 2.0 against @realDonaldTrump - the radical's fake argument agains‚Ä¶
Neutral,liberal,artsycarol,"RT @NotATweeter16: @SenSchumer On October 8, Fauci publicly stated that‚Äîwhile Trump seems to be doing better‚ÄîCOVID-patients can face revers‚Ä¶"
Neutral,liberal,sevenbowie,"RT @Defeat_Trump2: 1/ UPDATE!

Don't BET our democracy on one Election Day! 

Due to COVID EVERY DAY IS ELECTION DAY!

All of these states‚Ä¶"
Neutral,liberal,bridgetsimonds0,RT @oldiewankenobe: My Trump hating aunt in TN has been exposed to Covid by her Trump-loving-tested-positive-son-in-law who refuses to wear‚Ä¶
Neutral,liberal,AlwaysIdiots,RT @oldiewankenobe: My Trump hating aunt in TN has been exposed to Covid by her Trump-loving-tested-positive-son-in-law who refuses to wear‚Ä¶
Neutral,liberal,KimNewt0528,"RT @Defeat_Trump2: 1/ UPDATE!

Don't BET our democracy on one Election Day! 

Due to COVID EVERY DAY IS ELECTION DAY!

All of these states‚Ä¶"
Neutral,liberal,EdwardFortuna12,"RT @Defeat_Trump2: 1/ UPDATE!

Don't BET our democracy on one Election Day! 

Due to COVID EVERY DAY IS ELECTION DAY!

All of these states‚Ä¶"
Neutral,liberal,Rwc356,"RT @VippusaO: According to HHS, up to 129 million non-elderly Americans have some type of PRE-EXISTING PROTECTION (pre-COVID)

More than 20‚Ä¶"
Neutral,conservative,davidsonabbyl,"RT @LATiffani1: Wish opposition death from Covid or cancer 

Hope America fails 

Support communism 

Thrilled over national mandates

Advo‚Ä¶"
Neutral,conservative,KristenSkogebo,"RT @LATiffani1: Wish opposition death from Covid or cancer 

Hope America fails 

Support communism 

Thrilled over national mandates

Advo‚Ä¶"
Neutral,conservative,gerrykeedy,"RT @LATiffani1: Wish opposition death from Covid or cancer 

Hope America fails 

Support communism 

Thrilled over national mandates

Advo‚Ä¶"
Neutral,conservative,baalter,"RT @LATiffani1: Wish opposition death from Covid or cancer 

Hope America fails 

Support communism 

Thrilled over national mandates

Advo‚Ä¶"
Neutral,liberal,ray_osa,RT @oldiewankenobe: My Trump hating aunt in TN has been exposed to Covid by her Trump-loving-tested-positive-son-in-law who refuses to wear‚Ä¶
Neutral,liberal,TheChildrenHour,"RT @jimsciutto: ‚Äî&gt;&gt; Chris Christie, who prepared Trump for the first debate, says WH did *no* contact tracing with him following his Covid‚Ä¶"
Neutral,conservative,DianneK102805,"RT @LATiffani1: Wish opposition death from Covid or cancer 

Hope America fails 

Support communism 

Thrilled over national mandates

Advo‚Ä¶"
Neutral,conservative,GlambsMI,"RT @LATiffani1: Wish opposition death from Covid or cancer 

Hope America fails 

Support communism 

Thrilled over national mandates

Advo‚Ä¶"
Neutral,conservative,rpward51,"RT @ELL0100: Trump was asked about his taxes, his covid results, policies &amp; white supremacists by a clearly menopausal &amp; deranged Guthrie,‚Ä¶"
Neutral,conservative,James33314027,"RT @yogagenie: President Trump fact checks Savannah Guthrie on covid death rates

#TrumpTownHall https://t.co/hlfApPk8L7"
Neutral,liberal,bchalfin825,"RT @jimsciutto: ‚Äî&gt;&gt; Chris Christie, who prepared Trump for the first debate, says WH did *no* contact tracing with him following his Covid‚Ä¶"
Neutral,liberal,JayCatron,"RT @jimsciutto: ‚Äî&gt;&gt; Chris Christie, who prepared Trump for the first debate, says WH did *no* contact tracing with him following his Covid‚Ä¶"
Neutral,liberal,JeanetteAmodio,"RT @jimsciutto: ‚Äî&gt;&gt; Chris Christie, who prepared Trump for the first debate, says WH did *no* contact tracing with him following his Covid‚Ä¶"
Neutral,liberal,JohnSca67594288,"Weeks before the election 10 months in the Covid Trump still has no plan
#StopTrumpsTerror . @GOP #MAGA #MAGA2020‚Ä¶ https://t.co/nQbBsU0iDy"
Neutral,liberal,QLanded,@guru_medi @kourtneykardash Look at the huge PPE checks they received. They received over 2 million dollars that wi‚Ä¶ https://t.co/duEhTM08yl
Neutral,liberal,Suzanne31785213,"RT @sjrose99: @MaryLouBagley1 @PhilipRucker Same. I watched Biden townhall, my daughter watched Trump. She gave up after 1/2 way thru. I le‚Ä¶"
Neutral,liberal,AZinCLE,"@asymmetricinfo @aaronecarroll 2 months before election day, 90% of voters have already made up their minds. Trying‚Ä¶ https://t.co/35deuwzneB"
Neutral,conservative,gravano78,@intheMatrixxx They wait til right before the election to ask about it. I wish they would have asked 2 years ago wh‚Ä¶ https://t.co/9YFDmVTOih
Neutral,conservative,1718106J,RT @zeusFanHouse: Treasury Secretary #Mnuchin: Congress is unlikely 2 enact economic relief legislation before Nov 3rd election because #Pe‚Ä¶
Neutral,conservative,American1946,"RT @RealAPolitics: PENNSYLVANIA PROJECTED VOTE TOTALS:
Donald Trump - 3,379,000
Joe Biden - 2,975,000"
Neutral,conservative,jsev20,"RT @RealAPolitics: PENNSYLVANIA PROJECTED VOTE TOTALS:
Donald Trump - 3,379,000
Joe Biden - 2,975,000"
Neutral,conservative,GMolang,"RT @liekitis: @JoeBiden Let me fix that for you:

1. Improving your position to gain generational wealth. 

2. Putting Black Americans in t‚Ä¶"
Neutral,conservative,lsotm22,"RT @RealAPolitics: PENNSYLVANIA PROJECTED VOTE TOTALS:
Donald Trump - 3,379,000
Joe Biden - 2,975,000"
Neutral,conservative,Trumpets48,@josh_gerson @cnnbrk 4 years and 2 months. You guys are going to be devastated come Election Day... as if that was‚Ä¶ https://t.co/MyNikG6TNX
Neutral,conservative,CarmenPapa1,@NeverTrumper911 @MatthewJshow @JoeBiden Cross border drug trafficking kills many more than Covid. A border wall wi‚Ä¶ https://t.co/QzjFb2CCae
Neutral,liberal,quiltlover4life,RT @JoeBiden: The fact that Senate Republicans haven‚Äôt bothered to pass a COVID relief package but are rushing through President Trump‚Äôs Su‚Ä¶
Neutral,liberal,Jmalco,"RT @iampatricialong: @usambovu Unlike Trump, who decided to just let COVID run rampant, Joe Biden actually has a very good plan to control‚Ä¶"
Neutral,conservative,Mark451994,"RT @1776Stonewall: So 2 of Kamala Harris' staffers tested positive for Covid today, and a crew member on Biden's plane has also tested posi‚Ä¶"
Neutral,liberal,UmJennah9,"RT @kylegriffin1: Joe Biden says that he will demand Trump take a COVID test before the next debate. ""It's just decency."" He adds: ""I'm les‚Ä¶"
Neutral,conservative,magathrive,"RT @1776Stonewall: So 2 of Kamala Harris' staffers tested positive for Covid today, and a crew member on Biden's plane has also tested posi‚Ä¶"
